epochs,best_val_loss
50,0.008005472831428051
100,0.008058969862759113
200,0.008002549409866333
