Feature,Importance
Feature 3,0.007654133699806183
Feature 5,0.002467557341554444
Feature 0,0.002348848567867276
Feature 1,0.001531907787590049
Feature 2,0.0006040672903190366
Feature 4,-0.0005561991750519871
